anio,oficina_representacion,serv_culturales_derechohab_publ,serv_deportivos_derechohab_publ,serv_sociales_derechohab_publ,serv_funerarios_derechohab_publ,serv_sociales_pensionados_jubl,fome_deportivo_pensionados_jubl,serv_culturales_pensionados_jubl,soci_comedores_pensionados_jubl,fecha
2013,Aguascalientes,38316.0,27460.0,,195.0,6844.0,3793.0,11569.0,,2013-01-01
2013,Baja California,63172.0,35382.0,,86.0,1055.0,1605.0,10342.0,,2013-01-01
2013,Baja California Sur,22917.0,27582.0,,34.0,2833.0,2489.0,3754.0,,2013-01-01
2013,Campeche,85376.0,71675.0,,82.0,5583.0,5330.0,10283.0,,2013-01-01
2013,Coahuila,65886.0,92230.0,,4.0,9635.0,16641.0,11413.0,,2013-01-01
2013,Colima,75766.0,37125.0,,36.0,6205.0,1300.0,9513.0,,2013-01-01
2013,Chiapas,92979.0,23992.0,,200.0,1475.0,12000.0,1471.0,,2013-01-01
2013,Chihuahua,39497.0,57939.0,,165.0,11111.0,2543.0,7611.0,,2013-01-01
2013,Durango,88495.0,56697.0,,22.0,1795.0,10806.0,4091.0,,2013-01-01
2013,Guanajuato,100270.0,63099.0,,64.0,1320.0,2450.0,7530.0,,2013-01-01
2013,Guerrero,41618.0,38573.0,,72.0,890.0,3312.0,4932.0,,2013-01-01
2013,Hidalgo,111194.0,79355.0,,74.0,1114.0,2835.0,5566.0,,2013-01-01
2013,Jalisco,43939.0,36767.0,,377.0,22123.0,3158.0,6904.0,,2013-01-01
2013,Mexico,81763.0,22479.0,,3845.0,,2378.0,2488.0,,2013-01-01
2013,Michoacan,19086.0,28705.0,,229.0,11981.0,2440.0,5494.0,,2013-01-01
2013,Morelos,144600.0,16066.0,,53.0,1487.0,5015.0,6422.0,,2013-01-01
2013,Nayarit,88738.0,54785.0,,193.0,8403.0,3415.0,3864.0,,2013-01-01
2013,Nuevo Leon,133369.0,33175.0,,2376.0,9970.0,2236.0,11513.0,,2013-01-01
2013,Oaxaca,273717.0,18736.0,,94.0,6178.0,1543.0,29140.0,,2013-01-01
2013,Puebla,12395.0,42828.0,,539.0,5036.0,1890.0,11083.0,,2013-01-01
2013,Queretaro,34708.0,43956.0,,47.0,12766.0,3459.0,12622.0,,2013-01-01
2013,Quintana Roo,60073.0,47505.0,,47.0,6610.0,2273.0,7956.0,,2013-01-01
2013,San Luis Potosi,163205.0,67299.0,,60.0,9984.0,6535.0,8847.0,,2013-01-01
2013,Sinaloa,50637.0,9317.0,,,4643.0,1023.0,14161.0,,2013-01-01
2013,Sonora,65564.0,13559.0,,37.0,22.0,2080.0,4577.0,,2013-01-01
2013,Tabasco,43996.0,69679.0,,118.0,1783.0,11541.0,5842.0,,2013-01-01
2013,Tamaulipas,12487.0,29228.0,,12.0,148.0,1920.0,1060.0,,2013-01-01
2013,Tlaxcala,132736.0,25324.0,,78.0,7757.0,2796.0,21951.0,,2013-01-01
2013,Veracruz,40535.0,58583.0,,76.0,3455.0,4384.0,1263.0,,2013-01-01
2013,Yucatan,115974.0,68631.0,,11.0,3487.0,11485.0,27761.0,,2013-01-01
2013,Zacatecas,116532.0,88862.0,,433.0,6881.0,14260.0,10674.0,,2013-01-01
2013,Subdeleg.Norte,110241.0,127344.0,,6436.0,2112.0,22831.0,9457.0,,2013-01-01
2013,Subdeleg. Sur,77535.0,129901.0,,14131.0,22755.0,15902.0,30301.0,,2013-01-01
2013,Subdeleg. Oriente,116369.0,67913.0,,,5919.0,16094.0,7203.0,,2013-01-01
2013,Subdeleg. Poniente,117133.0,104254.0,,2529.0,5574.0,19327.0,51613.0,,2013-01-01
2013,Oficinas Centrales,4458940.0,,,,,,384945.0,,2013-01-01
2013,Convive D.F.,,,,,4489.0,,13678.0,59853.0,2013-01-01
2013,Issstehuixtla,,,72610.0,,,,,12735.0,2013-01-01
2014,Aguascalientes,28882.0,24276.0,,98.0,3303.0,4844.0,1740.0,,2014-01-01
2014,Baja California,80369.0,40548.0,,78.0,2444.0,2097.0,7644.0,,2014-01-01
2014,Baja California Sur,29076.0,33897.0,,36.0,1682.0,3826.0,1096.0,,2014-01-01
2014,Campeche,87248.0,75096.0,,77.0,6429.0,5351.0,10574.0,,2014-01-01
2014,Coahuila,49368.0,71020.0,,9.0,7766.0,14356.0,6136.0,,2014-01-01
2014,Colima,77475.0,36780.0,,83.0,6153.0,1225.0,11974.0,,2014-01-01
2014,Chiapas,18086.0,14706.0,,1.0,924.0,11975.0,657.0,,2014-01-01
2014,Chihuahua,92443.0,73046.0,,240.0,11127.0,3363.0,4237.0,,2014-01-01
2014,Durango,62371.0,44928.0,,16.0,4429.0,12643.0,5720.0,,2014-01-01
2014,Guanajuato,55334.0,63296.0,,95.0,,2414.0,4410.0,,2014-01-01
2014,Guerrero,43644.0,39689.0,,81.0,1010.0,2168.0,3552.0,,2014-01-01
2014,Hidalgo,118420.0,70442.0,,74.0,1226.0,2188.0,7406.0,,2014-01-01
2014,Jalisco,50549.0,40021.0,,447.0,11373.0,3200.0,7721.0,,2014-01-01
2014,Mexico,244524.0,33134.0,,4273.0,470.0,3437.0,8458.0,,2014-01-01
2014,Michoacan,116900.0,36603.0,,219.0,19217.0,3402.0,58349.0,,2014-01-01
2014,Morelos,128923.0,17123.0,,55.0,1699.0,5276.0,7034.0,,2014-01-01
2014,Nayarit,90923.0,55729.0,,183.0,7051.0,3420.0,3978.0,,2014-01-01
2014,Nuevo Leon,106619.0,34983.0,,2478.0,10718.0,2322.0,12343.0,,2014-01-01
2014,Oaxaca,279230.0,28336.0,,85.0,34685.0,6994.0,33335.0,,2014-01-01
2014,Puebla,54049.0,56161.0,,321.0,4632.0,1805.0,11885.0,,2014-01-01
2014,Queretaro,41550.0,40473.0,,58.0,10584.0,3544.0,248.0,,2014-01-01
2014,Quintana Roo,11174.0,46109.0,,,620.0,2251.0,227.0,,2014-01-01
2014,San Luis Potosi,209668.0,80233.0,,166.0,16736.0,12145.0,9706.0,,2014-01-01
2014,Sinaloa,32266.0,15283.0,,,5180.0,1176.0,2254.0,,2014-01-01
2014,Sonora,68395.0,17727.0,,56.0,3774.0,6149.0,2724.0,,2014-01-01
2014,Tabasco,56276.0,76730.0,,93.0,2196.0,10498.0,3856.0,,2014-01-01
2014,Tamaulipas,21459.0,27677.0,,6.0,748.0,1920.0,1805.0,,2014-01-01
2014,Tlaxcala,108344.0,25534.0,,115.0,7377.0,2826.0,18713.0,,2014-01-01
2014,Veracruz,57523.0,57413.0,,63.0,3784.0,4793.0,984.0,,2014-01-01
2014,Yucatan,136792.0,73402.0,,86.0,19708.0,13766.0,16785.0,,2014-01-01
2014,Zacatecas,120190.0,89439.0,,407.0,13137.0,12281.0,10115.0,,2014-01-01
2014,Subdeleg.Norte,101457.0,125658.0,,5677.0,3537.0,22392.0,7219.0,,2014-01-01
2014,Subdeleg. Sur,88242.0,109103.0,,13462.0,17024.0,14006.0,12098.0,,2014-01-01
2014,Subdeleg. Oriente,91827.0,70010.0,,,10472.0,25621.0,16516.0,,2014-01-01
2014,Subdeleg. Poniente,154188.0,102821.0,,2558.0,5203.0,17885.0,19915.0,,2014-01-01
2014,Ï¿½Reas Centrales,2893725.0,,,,,,14790.0,,2014-01-01
2014,Convive D.F.,,,,,5077.0,,15756.0,66937.0,2014-01-01
2014,Issstehuixtla,,,78209.0,,,,,25886.0,2014-01-01
2015,Aguascalientes,39725.0,24096.0,,30.0,462.0,3748.0,7016.0,,2015-01-01
2015,Baja California,83223.0,41949.0,,50.0,2295.0,2446.0,12254.0,,2015-01-01
2015,Baja California Sur,25967.0,32707.0,,10.0,1700.0,2856.0,2351.0,,2015-01-01
2015,Campeche,74323.0,72228.0,,79.0,6690.0,5373.0,9586.0,,2015-01-01
2015,Coahuila,59386.0,71299.0,,18.0,8350.0,15877.0,10336.0,,2015-01-01
2015,Colima,69174.0,36867.0,,95.0,6191.0,1315.0,10975.0,,2015-01-01
2015,Chiapas,36710.0,22440.0,,,711.0,6508.0,2691.0,,2015-01-01
2015,Chihuahua,77265.0,61104.0,,153.0,7142.0,2637.0,7360.0,,2015-01-01
2015,Durango,83066.0,51576.0,,30.0,8356.0,10380.0,9561.0,,2015-01-01
2015,Guanajuato,33575.0,64023.0,,61.0,595.0,2319.0,7316.0,,2015-01-01
2015,Guerrero,39556.0,33729.0,,55.0,1400.0,2644.0,1212.0,,2015-01-01
2015,Hidalgo,106996.0,71296.0,,58.0,1319.0,1748.0,9879.0,,2015-01-01
2015,Jalisco,48617.0,40187.0,,232.0,35664.0,3018.0,7193.0,,2015-01-01
2015,Mexico,243748.0,33879.0,,2770.0,5211.0,1944.0,10747.0,,2015-01-01
2015,Michoacan,67161.0,29015.0,,,32440.0,2094.0,58308.0,,2015-01-01
2015,Morelos,117939.0,15164.0,,60.0,2188.0,5651.0,7439.0,,2015-01-01
2015,Nayarit,86309.0,54848.0,,202.0,6477.0,3200.0,3724.0,,2015-01-01
2015,Nuevo Leon,114666.0,34915.0,,2745.0,10644.0,2371.0,11766.0,,2015-01-01
2015,Oaxaca,279410.0,32738.0,,53.0,30884.0,12133.0,31662.0,,2015-01-01
2015,Puebla,74815.0,56353.0,,240.0,6392.0,1778.0,17760.0,,2015-01-01
2015,Queretaro,38881.0,48376.0,,13.0,9292.0,3332.0,8359.0,,2015-01-01
2015,Quintana Roo,13941.0,26925.0,,,,2098.0,111.0,,2015-01-01
2015,San Luis Potosi,234704.0,83159.0,,97.0,16522.0,8080.0,10061.0,,2015-01-01
2015,Sinaloa,47451.0,16979.0,,,5059.0,1703.0,6702.0,,2015-01-01
2015,Sonora,61553.0,14915.0,,1.0,1349.0,2233.0,3144.0,,2015-01-01
2015,Tabasco,63340.0,48121.0,,89.0,2136.0,8829.0,5856.0,,2015-01-01
2015,Tamaulipas,32266.0,30392.0,,13.0,753.0,1920.0,2530.0,,2015-01-01
2015,Tlaxcala,113562.0,25819.0,,119.0,8598.0,2958.0,17652.0,,2015-01-01
2015,Veracruz,59809.0,47295.0,,58.0,3934.0,1675.0,2091.0,,2015-01-01
2015,Yucatan,137489.0,73184.0,,131.0,18376.0,12062.0,25933.0,,2015-01-01
2015,Zacatecas,119575.0,88408.0,,370.0,12570.0,12320.0,15353.0,,2015-01-01
2015,Subdeleg.Norte,91117.0,105498.0,,5450.0,2730.0,19350.0,8193.0,,2015-01-01
2015,Subdeleg. Sur,187915.0,110643.0,,10506.0,11585.0,16086.0,11275.0,,2015-01-01
2015,Subdeleg. Oriente,67770.0,73085.0,,54.0,12486.0,37665.0,5704.0,,2015-01-01
2015,Subdeleg. Poniente,113765.0,109969.0,,2363.0,2813.0,19039.0,32298.0,,2015-01-01
2015,Oficinas Centrales,2730808.0,,,,,,36648.0,,2015-01-01
2015,Convive D.F.,,,,,5012.0,,,63767.0,2015-01-01
2015,Issstehuixtla,,,81804.0,,,,,28158.0,2015-01-01
2016,Aguascalientes,21640.0,,,,1023.0,3437.0,5292.0,,2016-01-01
2016,Baja Calif. Norte,60463.0,,,,2478.0,1778.0,6139.0,,2016-01-01
2016,Baja Calif. Sur,10646.0,,,,868.0,2571.0,1972.0,,2016-01-01
2016,Campeche,66560.0,,,,4602.0,3826.0,7286.0,,2016-01-01
2016,Coahuila,50498.0,,,,52128.0,12022.0,5995.0,,2016-01-01
2016,Colima,47575.0,,,,4738.0,975.0,6745.0,,2016-01-01
2016,Chiapas,42348.0,,,,3564.0,5245.0,9711.0,,2016-01-01
2016,Chihuahua,55337.0,,,,12624.0,2584.0,7773.0,,2016-01-01
2016,Durango,54284.0,,,,3800.0,9180.0,10206.0,,2016-01-01
2016,Guanajuato,39484.0,,,,9034.0,1823.0,6608.0,,2016-01-01
2016,Guerrero,24074.0,,,,1400.0,1294.0,1580.0,,2016-01-01
2016,Hidalgo,81480.0,,,,3264.0,2247.0,6013.0,,2016-01-01
2016,Jalisco,106131.0,,,,8657.0,2758.0,8040.0,,2016-01-01
2016,Mexico,176504.0,,,,5180.0,2740.0,9969.0,,2016-01-01
2016,Michoacan,26285.0,,,,5618.0,1160.0,1998.0,,2016-01-01
2016,Morelos,90000.0,,,,1835.0,3249.0,14083.0,,2016-01-01
2016,Nayarit,54231.0,,,,3316.0,2494.0,5175.0,,2016-01-01
2016,Nuevo Leon,87877.0,,,,3604.0,1729.0,7167.0,,2016-01-01
2016,Oaxaca,203286.0,,,,26559.0,2943.0,60186.0,,2016-01-01
2016,Puebla,62651.0,,,,4984.0,1020.0,6710.0,,2016-01-01
2016,Queretaro,39760.0,,,,7915.0,2978.0,12309.0,,2016-01-01
2016,Quintana Roo,8331.0,,,,,1706.0,228.0,,2016-01-01
2016,San Luis Potosi,162819.0,,,,6998.0,10099.0,6811.0,,2016-01-01
2016,Sinaloa,46584.0,,,,3872.0,1128.0,5889.0,,2016-01-01
2016,Sonora,75593.0,,,,1392.0,5228.0,8550.0,,2016-01-01
2016,Tabasco,59027.0,,,,8415.0,8313.0,13188.0,,2016-01-01
2016,Tamaulipas,16579.0,,,,680.0,1440.0,855.0,,2016-01-01
2016,Tlaxcala,85891.0,,,,6991.0,2198.0,7513.0,,2016-01-01
2016,Veracruz,50857.0,,,,1468.0,4977.0,753.0,,2016-01-01
2016,Yucatan,92295.0,,,,15226.0,14638.0,18445.0,,2016-01-01
2016,Zacatecas,90445.0,,,,8785.0,9620.0,8454.0,,2016-01-01
2016,Regional Norte,84266.0,,,,2728.0,13838.0,9480.0,,2016-01-01
2016,Regional Sur,145297.0,,,,6100.0,11952.0,9453.0,,2016-01-01
2016,Regional Oriente,21249.0,,,,9727.0,16455.0,7818.0,,2016-01-01
2016,Regional Poniente,103051.0,,,,3707.0,11732.0,21376.0,,2016-01-01
2016,Oficinas Centrales,972448.0,,,,,,23673.0,,2016-01-01
2016,Convive Cd. Mex.,,,,,6060.0,,,41507.0,2016-01-01
2016,Issstehuixtla,,,,73308.0,,,,,2016-01-01
2017,Aguascalientes,25627.0,28418.0,,163.0,4376.0,13336.0,5436.0,,2017-01-01
2017,Baja California. Norte,68545.0,47250.0,,68.0,4873.0,3005.0,9269.0,,2017-01-01
2017,Baja California. Sur,17482.0,38154.0,,8.0,1617.0,3696.0,2710.0,,2017-01-01
2017,Campeche,76202.0,75016.0,,71.0,6956.0,5394.0,16876.0,,2017-01-01
2017,Coahuila,75566.0,68053.0,,10.0,43535.0,15165.0,6089.0,,2017-01-01
2017,Colima,68319.0,30959.0,,84.0,6429.0,1386.0,9633.0,,2017-01-01
2017,Chiapas,80363.0,25670.0,,99.0,2207.0,13301.0,11454.0,,2017-01-01
2017,Chihuahua,79465.0,71098.0,,180.0,13584.0,3363.0,11802.0,,2017-01-01
2017,Durango,89897.0,43832.0,,64.0,22291.0,12640.0,7705.0,,2017-01-01
2017,Guanajuato,45528.0,44394.0,,167.0,10913.0,4177.0,32107.0,,2017-01-01
2017,Guerrero,37993.0,31886.0,,77.0,2214.0,2900.0,675.0,,2017-01-01
2017,Hidalgo,121807.0,72504.0,,81.0,1583.0,2427.0,8543.0,,2017-01-01
2017,Jalisco,109999.0,37416.0,,152.0,7872.0,3197.0,7792.0,,2017-01-01
2017,Mexico,236567.0,33015.0,,3555.0,6288.0,3915.0,11731.0,,2017-01-01
2017,Michoacan,67230.0,29210.0,,5.0,9461.0,3608.0,10177.0,,2017-01-01
2017,Morelos,81174.0,14002.0,,54.0,2028.0,4451.0,6015.0,,2017-01-01
2017,Nayarit,46665.0,49605.0,,265.0,2488.0,3296.0,3096.0,,2017-01-01
2017,Nuevo Leon,108205.0,34249.0,,1174.0,4570.0,2269.0,7634.0,,2017-01-01
2017,Oaxaca,278566.0,34747.0,,110.0,50835.0,7023.0,79082.0,,2017-01-01
2017,Puebla,82972.0,55731.0,,364.0,5724.0,2030.0,12046.0,,2017-01-01
2017,Queretaro,51946.0,38068.0,,36.0,11962.0,6942.0,18551.0,,2017-01-01
2017,Quintana Roo,35766.0,40314.0,,,120.0,2290.0,2228.0,,2017-01-01
2017,San Luis Potosi,184992.0,85679.0,,98.0,7628.0,12462.0,9697.0,,2017-01-01
2017,Sinaloa,67339.0,15312.0,,,12669.0,1521.0,8259.0,,2017-01-01
2017,Sonora,100728.0,23999.0,,50.0,1940.0,11549.0,6843.0,,2017-01-01
2017,Tabasco,101825.0,32865.0,,126.0,6830.0,1175.0,25155.0,,2017-01-01
2017,Tamaulipas,22121.0,26970.0,,10.0,3874.0,1920.0,1670.0,,2017-01-01
2017,Tlaxcala,95061.0,25403.0,,131.0,6243.0,2863.0,8169.0,,2017-01-01
2017,Veracruz,70079.0,51068.0,,97.0,3704.0,6003.0,678.0,,2017-01-01
2017,Yucatan,107583.0,74792.0,,85.0,15801.0,15518.0,11441.0,,2017-01-01
2017,Zacatecas,121744.0,97592.0,,424.0,20491.0,16167.0,9836.0,,2017-01-01
2017,Delegacion Norte,145522.0,94954.0,,4230.0,6760.0,18840.0,10723.0,,2017-01-01
2017,Delegacion Sur,85815.0,137343.0,,9983.0,5769.0,17689.0,13474.0,,2017-01-01
2017,Delegacion Oriente,34875.0,78460.0,,147.0,9902.0,27179.0,14663.0,,2017-01-01
2017,Delegacion Poniente,151018.0,88924.0,,2197.0,16229.0,17506.0,26677.0,,2017-01-01
2017,Oficinas Centrales,1138040.0,,,,,,12874.0,,2017-01-01
2017,Convive Cd. Mex.,,,,,3558.0,,,61754.0,2017-01-01
2017,Issstehuixtla,,,80090.0,,,,10068.0,21686.0,2017-01-01
2018,Aguascalientes,17227.0,21839.0,,63.0,,10792.0,4878.0,,2018-01-01
2018,Baja California. Norte,67147.0,40468.0,,55.0,4987.0,3952.0,10182.0,,2018-01-01
2018,Baja California. Sur,13774.0,36099.0,,19.0,836.0,3580.0,3467.0,,2018-01-01
2018,Campeche,57071.0,71603.0,,52.0,10027.0,5383.0,11190.0,,2018-01-01
2018,Coahuila,79543.0,74767.0,,36.0,45159.0,17750.0,6397.0,,2018-01-01
2018,Colima,67456.0,23896.0,,29.0,7827.0,18299.0,13524.0,,2018-01-01
2018,Chiapas,58020.0,20673.0,,153.0,2074.0,14528.0,13402.0,,2018-01-01
2018,Chihuahua,54085.0,70331.0,,163.0,9040.0,3363.0,2038.0,,2018-01-01
2018,Durango,98725.0,44913.0,,84.0,21983.0,12680.0,11056.0,,2018-01-01
2018,Guanajuato,37452.0,46664.0,,108.0,4111.0,3037.0,18098.0,,2018-01-01
2018,Guerrero,37752.0,36828.0,,86.0,2340.0,2170.0,1813.0,,2018-01-01
2018,Hidalgo,140786.0,72045.0,,101.0,1898.0,3440.0,7624.0,,2018-01-01
2018,Jalisco,107142.0,36706.0,,164.0,9171.0,3218.0,7270.0,,2018-01-01
2018,Mexico,240729.0,32217.0,,3131.0,8336.0,3185.0,10854.0,,2018-01-01
2018,Michoacan,50676.0,17739.0,,10.0,6279.0,1779.0,8438.0,,2018-01-01
2018,Morelos,84731.0,18619.0,,62.0,1803.0,5039.0,5945.0,,2018-01-01
2018,Nayarit,50722.0,56171.0,,249.0,2904.0,3292.0,2030.0,,2018-01-01
2018,Nuevo Leon,99373.0,34177.0,,1825.0,3221.0,2268.0,5132.0,,2018-01-01
2018,Oaxaca,275284.0,44439.0,,103.0,51000.0,10752.0,77654.0,,2018-01-01
2018,Puebla,81969.0,51792.0,,210.0,6824.0,1370.0,11169.0,,2018-01-01
2018,Queretaro,55687.0,39038.0,,15.0,7835.0,9476.0,12450.0,,2018-01-01
2018,Quintana Roo,20901.0,43817.0,,,11445.0,2252.0,3413.0,,2018-01-01
2018,San Luis Potosi,196588.0,85222.0,,117.0,7158.0,12025.0,15704.0,,2018-01-01
2018,Sinaloa,67576.0,15854.0,,,13449.0,1537.0,8196.0,,2018-01-01
2018,Sonora,104609.0,18956.0,,19.0,917.0,8046.0,7707.0,,2018-01-01
2018,Tabasco,116693.0,27354.0,,117.0,5760.0,8280.0,22470.0,,2018-01-01
2018,Tamaulipas,23349.0,26234.0,,13.0,2271.0,1920.0,1250.0,,2018-01-01
2018,Tlaxcala,99287.0,25673.0,,369.0,6276.0,3015.0,7399.0,,2018-01-01
2018,Veracruz,62324.0,51174.0,,72.0,4193.0,4068.0,1130.0,,2018-01-01
2018,Yucatan,93107.0,75352.0,,92.0,14637.0,17458.0,13794.0,,2018-01-01
2018,Zacatecas,121960.0,94515.0,,439.0,11412.0,17502.0,10990.0,,2018-01-01
2018,Delegacion Norte,132860.0,113114.0,,3649.0,9607.0,19438.0,10708.0,,2018-01-01
2018,Delegacion Sur,66922.0,122890.0,,9949.0,6854.0,11134.0,18681.0,,2018-01-01
2018,Delegacion Oriente,38482.0,94959.0,,33.0,11383.0,56269.0,19063.0,,2018-01-01
2018,Delegacion Poniente,142850.0,107345.0,,1863.0,14215.0,16656.0,30612.0,,2018-01-01
2018,Oficinas Centrales,1878886.0,,,95.0,,,9199.0,,2018-01-01
2018,Convive Cd. Mex.,,,,,4142.0,,,54128.0,2018-01-01
2018,Issstehuixtla,,,70174.0,,,,9847.0,21052.0,2018-01-01
2019,Aguascalientes,10402.0,23676.0,,11.0,,10488.0,4277.0,,2019-01-01
2019,Baja California. Norte,23337.0,11851.0,,74.0,,663.0,3331.0,,2019-01-01
2019,Baja California. Sur,2923.0,63255.0,,7.0,1779.0,15535.0,1620.0,,2019-01-01
2019,Campeche,55339.0,40337.0,,46.0,7785.0,4750.0,8162.0,,2019-01-01
2019,Coahuila,80616.0,74648.0,,28.0,40751.0,15194.0,7592.0,,2019-01-01
2019,Colima,69491.0,64789.0,,47.0,10458.0,10988.0,11322.0,,2019-01-01
2019,Chiapas,68503.0,19130.0,,50.0,1369.0,14329.0,16853.0,,2019-01-01
2019,Chihuahua,68938.0,72141.0,,188.0,8607.0,4903.0,7118.0,,2019-01-01
2019,Durango,100926.0,46468.0,,73.0,22368.0,13140.0,7245.0,,2019-01-01
2019,Guanajuato,56113.0,39688.0,,119.0,295.0,1956.0,7471.0,,2019-01-01
2019,Guerrero,41697.0,38767.0,,77.0,2070.0,2975.0,66.0,,2019-01-01
2019,Hidalgo,130797.0,72759.0,,98.0,1848.0,3244.0,8325.0,,2019-01-01
2019,Jalisco,86896.0,32765.0,,226.0,7314.0,3081.0,6242.0,,2019-01-01
2019,Mexico,205948.0,31890.0,,2782.0,7155.0,4994.0,12312.0,,2019-01-01
2019,Michoacan,159861.0,33884.0,,3.0,4667.0,5093.0,4885.0,,2019-01-01
2019,Morelos,79641.0,21918.0,,72.0,1349.0,5676.0,4732.0,,2019-01-01
2019,Nayarit,72968.0,55386.0,,217.0,2491.0,3816.0,6355.0,,2019-01-01
2019,Nuevo Leon,98414.0,65121.0,,1797.0,2517.0,4241.0,5790.0,,2019-01-01
2019,Oaxaca,277218.0,34857.0,,56.0,41550.0,5755.0,105889.0,,2019-01-01
2019,Puebla,84659.0,47146.0,,559.0,6826.0,2244.0,12815.0,,2019-01-01
2019,Queretaro,34865.0,40744.0,,6.0,3525.0,3997.0,686.0,,2019-01-01
2019,Quintana Roo,20761.0,44029.0,,,18869.0,2424.0,7744.0,,2019-01-01
2019,San Luis Potosi,204535.0,88112.0,,125.0,10735.0,11894.0,14648.0,,2019-01-01
2019,Sinaloa,66325.0,15752.0,,,5741.0,1112.0,8290.0,,2019-01-01
2019,Sonora,69680.0,16785.0,,24.0,941.0,7849.0,3526.0,,2019-01-01
2019,Tabasco,92025.0,17653.0,,94.0,6420.0,15938.0,12015.0,,2019-01-01
2019,Tamaulipas,24855.0,26748.0,,6.0,2336.0,1920.0,1905.0,,2019-01-01
2019,Tlaxcala,35401.0,25473.0,,114.0,1328.0,3165.0,6599.0,,2019-01-01
2019,Veracruz,55111.0,48337.0,,70.0,3376.0,4214.0,1477.0,,2019-01-01
2019,Yucatan,64862.0,46989.0,,97.0,10086.0,25968.0,11618.0,,2019-01-01
2019,Zacatecas,123350.0,92540.0,,439.0,32044.0,13730.0,10761.0,,2019-01-01
2019,Delegacion Norte,127697.0,48880.0,,3751.0,2787.0,14430.0,3094.0,,2019-01-01
2019,Delegacion Sur,119571.0,161933.0,,9116.0,8594.0,11419.0,12443.0,,2019-01-01
2019,Delegacion Oriente,25401.0,87897.0,,30.0,9439.0,49834.0,9752.0,,2019-01-01
2019,Delegacion Poniente,141741.0,114647.0,,1692.0,15181.0,12065.0,18830.0,,2019-01-01
2019,Oficinas Centrales,997716.0,,,,,,2530.0,,2019-01-01
2019,Convive Cd. Mex.,,,,,,,19648.0,56176.0,2019-01-01
2019,Issstehuixtla,,,91806.0,,,,,25685.0,2019-01-01
2020,Aguascalientes,2997.0,6210.0,,121.0,,3082.0,1548.0,,2020-01-01
2020,Baja California. Norte,2436.0,3324.0,,135.0,417.0,342.0,417.0,,2020-01-01
2020,Baja California. Sur,256.0,29171.0,,,48.0,4240.0,251.0,,2020-01-01
2020,Campeche,23409.0,35752.0,,12.0,3286.0,1405.0,1924.0,,2020-01-01
2020,Coahuila,12605.0,20194.0,,6.0,1855.0,5007.0,1502.0,,2020-01-01
2020,Colima,,24366.0,,76.0,,665.0,,,2020-01-01
2020,Chiapas,11790.0,3194.0,,19.0,198.0,2545.0,1465.0,,2020-01-01
2020,Chihuahua,8471.0,9155.0,,143.0,908.0,1168.0,1800.0,,2020-01-01
2020,Durango,7777.0,8124.0,,38.0,1248.0,3730.0,961.0,,2020-01-01
2020,Guanajuato,347.0,5275.0,,142.0,840.0,425.0,31.0,,2020-01-01
2020,Guerrero,3320.0,5334.0,,8.0,120.0,420.0,,,2020-01-01
2020,Hidalgo,27129.0,15133.0,,152.0,627.0,615.0,2033.0,,2020-01-01
2020,Jalisco,1393.0,28950.0,,151.0,272.0,1681.0,164.0,,2020-01-01
2020,Mexico,17835.0,26203.0,,6927.0,870.0,4580.0,2281.0,,2020-01-01
2020,Michoacan,15319.0,7478.0,,,590.0,1722.0,420.0,,2020-01-01
2020,Morelos,8048.0,5052.0,,102.0,161.0,1137.0,333.0,,2020-01-01
2020,Nayarit,4831.0,26895.0,,245.0,1244.0,2240.0,172.0,,2020-01-01
2020,Nuevo Leon,4574.0,13057.0,,1673.0,444.0,707.0,377.0,,2020-01-01
2020,Oaxaca,31523.0,5186.0,,19.0,,376.0,13506.0,,2020-01-01
2020,Puebla,6925.0,12497.0,,472.0,4198.0,1519.0,1330.0,,2020-01-01
2020,Queretaro,1164.0,2825.0,,,369.0,590.0,951.0,,2020-01-01
2020,Quintana Roo,2703.0,7528.0,,,1830.0,1533.0,1225.0,,2020-01-01
2020,San Luis Potosi,9400.0,38034.0,,223.0,4014.0,9386.0,2064.0,,2020-01-01
2020,Sinaloa,103.0,2271.0,,,374.0,57.0,189.0,,2020-01-01
2020,Sonora,1295.0,2139.0,,,,1262.0,152.0,,2020-01-01
2020,Tabasco,705.0,3671.0,,182.0,400.0,2363.0,800.0,,2020-01-01
2020,Tamaulipas,3899.0,7153.0,,,,480.0,367.0,,2020-01-01
2020,Tlaxcala,10049.0,6948.0,,362.0,908.0,2542.0,792.0,,2020-01-01
2020,Veracruz,7673.0,9776.0,,124.0,336.0,876.0,218.0,,2020-01-01
2020,Yucatan,10930.0,11393.0,,127.0,764.0,3525.0,1154.0,,2020-01-01
2020,Zacatecas,12471.0,24051.0,,440.0,700.0,4024.0,930.0,,2020-01-01
2020,Delegacion Norte,16253.0,28827.0,,3725.0,1457.0,6078.0,368.0,,2020-01-01
2020,Delegacion Sur,11157.0,44236.0,,8813.0,490.0,2259.0,1517.0,,2020-01-01
2020,Delegacion Oriente,158.0,26737.0,,20.0,815.0,14666.0,215.0,,2020-01-01
2020,Delegacion Poniente,17236.0,25514.0,,1905.0,951.0,2522.0,2471.0,,2020-01-01
2020,Oficinas Centrales,148392.0,,,45.0,,,,,2020-01-01
2020,Convive Cd. Mex.,,,,,,,,,2020-01-01
2020,Issstehuixtla,,,11320.0,,,,,,2020-01-01
2021,Aguascalientes,43.0,386.0,,16.0,1.0,40.0,,,2021-01-01
2021,Baja California. Norte,79.0,184.0,,51.0,145.0,67.0,,,2021-01-01
2021,Baja California. Sur,9.0,4.0,12.0,1.0,23.0,,1.0,,2021-01-01
2021,Campeche,13.0,143.0,5.0,,902.0,1168.0,263.0,,2021-01-01
2021,Chiapas,34.0,551.0,,12.0,1820.0,752.0,504.0,,2021-01-01
2021,Chihuahua,97.0,1944.0,,,1200.0,877.0,26.0,,2021-01-01
2021,Coahuila,254.0,302.0,,74.0,301.0,138.0,107.0,,2021-01-01
2021,Colima,116.0,176.0,,105.0,1778.0,626.0,4.0,,2021-01-01
2021,Durango,282.0,563.0,,6.0,216.0,311.0,11.0,,2021-01-01
2021,Mexico,396.0,298.0,47.0,42.0,517.0,400.0,192.0,,2021-01-01
2021,Guanajuato,139.0,521.0,19.0,51.0,605.0,60.0,81.0,,2021-01-01
2021,Guerrero,,286.0,,79.0,20.0,178.0,,,2021-01-01
2021,Hidalgo,208.0,884.0,3.0,285.0,955.0,139.0,1.0,,2021-01-01
2021,Jalisco,245.0,389.0,,3750.0,365.0,367.0,120.0,,2021-01-01
2021,Michoacan,830.0,1794.0,,58.0,755.0,1571.0,1.0,,2021-01-01
2021,Morelos,603.0,668.0,,108.0,1192.0,563.0,1.0,,2021-01-01
2021,Nayarit,366.0,176.0,68.0,2.0,129.0,,148.0,,2021-01-01
2021,Nuevo Leon,50.0,93.0,287.0,1409.0,171.0,174.0,22.0,,2021-01-01
2021,Oaxaca,269.0,166.0,,40.0,85.0,206.0,59.0,,2021-01-01
2021,Puebla,109.0,300.0,2.0,,701.0,260.0,4.0,,2021-01-01
2021,Queretaro,11.0,299.0,,,216.0,148.0,9.0,,2021-01-01
2021,Quintana Roo,110.0,193.0,157.0,69.0,541.0,164.0,157.0,,2021-01-01
2021,San Luis Potosi,145.0,509.0,5.0,227.0,195.0,193.0,1.0,,2021-01-01
2021,Sinaloa,40.0,354.0,8.0,,941.0,499.0,428.0,,2021-01-01
2021,Sonora,,,,,,,,,2021-01-01
2021,Tabasco,113.0,507.0,198.0,21.0,610.0,153.0,41.0,,2021-01-01
2021,Tamaulipas,19.0,4.0,,2.0,,,,,2021-01-01
2021,Tlaxcala,639.0,545.0,,14.0,537.0,235.0,220.0,,2021-01-01
2021,Veracruz,469.0,445.0,63.0,143.0,263.0,314.0,25.0,,2021-01-01
2021,Yucatan,211.0,187.0,34.0,160.0,1401.0,938.0,25.0,,2021-01-01
2021,Zacatecas,90.0,508.0,4.0,37.0,741.0,83.0,280.0,,2021-01-01
2021,Delegacion Sur,170.0,127.0,72.0,2489.0,,,,,2021-01-01
2021,Delegacion Norte,1664.0,1814.0,,4670.0,651.0,445.0,204.0,,2021-01-01
2021,Delegacion Poniente,1363.0,2117.0,9.0,41.0,782.0,1821.0,22.0,,2021-01-01
2021,Delegacion Oriente,162.0,685.0,8.0,1931.0,1060.0,403.0,2.0,,2021-01-01
2021,Oficinas Centrales,7.0,913.0,,,,1.0,,,2021-01-01
2021,Convive Cd. Mex.,,,,,,,,,2021-01-01
2021,Issstehuixtla,,,16560.0,,,,,,2021-01-01
2022,Aguascalientes,1374.0,959.0,,23.0,47.0,407.0,66.0,,2022-01-01
2022,Baja California. Norte,113.0,241.0,,7.0,200.0,176.0,7.0,,2022-01-01
2022,Baja California. Sur,204.0,146.0,212.0,10.0,125.0,138.0,77.0,,2022-01-01
2022,Campeche,42.0,763.0,9.0,,713.0,814.0,255.0,,2022-01-01
2022,Chiapas,110.0,680.0,,60.0,1802.0,623.0,449.0,,2022-01-01
2022,Chihuahua,275.0,3166.0,,71.0,5339.0,1515.0,102.0,,2022-01-01
2022,Coahuila,350.0,421.0,,5.0,337.0,289.0,176.0,,2022-01-01
2022,Colima,177.0,241.0,,,3887.0,2299.0,121.0,,2022-01-01
2022,Durango,515.0,644.0,9.0,6.0,232.0,296.0,,,2022-01-01
2022,Mexico,1468.0,1180.0,4.0,2171.0,9327.0,436.0,305.0,,2022-01-01
2022,Guanajuato,159.0,719.0,603.0,13.0,1089.0,267.0,38.0,,2022-01-01
2022,Guerrero,41.0,229.0,2.0,,2.0,159.0,,,2022-01-01
2022,Hidalgo,415.0,626.0,236.0,49.0,2666.0,261.0,5.0,,2022-01-01
2022,Jalisco,320.0,352.0,,142.0,416.0,282.0,4.0,,2022-01-01
2022,Michoacan,950.0,1780.0,2.0,35.0,1719.0,1755.0,12.0,,2022-01-01
2022,Morelos,580.0,1333.0,,48.0,734.0,657.0,1.0,,2022-01-01
2022,Nayarit,168.0,398.0,192.0,1.0,381.0,184.0,107.0,,2022-01-01
2022,Nuevo Leon,242.0,567.0,,688.0,366.0,421.0,,,2022-01-01
2022,Oaxaca,488.0,332.0,,9.0,111.0,353.0,94.0,,2022-01-01
2022,Puebla,163.0,514.0,15.0,,749.0,275.0,1.0,,2022-01-01
2022,Queretaro,201.0,206.0,,39.0,360.0,308.0,,,2022-01-01
2022,Quintana Roo,80.0,312.0,,120.0,469.0,212.0,91.0,,2022-01-01
2022,San Luis Potosi,157.0,621.0,,220.0,228.0,308.0,3.0,,2022-01-01
2022,Sinaloa,378.0,793.0,519.0,,3177.0,502.0,444.0,,2022-01-01
2022,Sonora,46.0,4.0,23.0,,30.0,39.0,29.0,,2022-01-01
2022,Tabasco,145.0,377.0,4.0,13.0,1129.0,313.0,120.0,,2022-01-01
2022,Tamaulipas,61.0,16.0,,12.0,1.0,5.0,4.0,,2022-01-01
2022,Tlaxcala,409.0,621.0,,6.0,527.0,307.0,117.0,,2022-01-01
2022,Veracruz,546.0,653.0,134.0,82.0,3826.0,431.0,9.0,,2022-01-01
2022,Yucatan,467.0,719.0,84.0,234.0,2344.0,1524.0,235.0,,2022-01-01
2022,Zacatecas,420.0,1525.0,,,2452.0,1.0,,,2022-01-01
2022,Delegacion Sur,71.0,603.0,312.0,5550.0,1.0,,3.0,,2022-01-01
2022,Delegacion Norte,3142.0,2663.0,,2657.0,723.0,1299.0,275.0,,2022-01-01
2022,Delegacion Poniente,884.0,3229.0,26.0,2235.0,4505.0,36.0,21.0,,2022-01-01
2022,Delegacion Oriente,5.0,1070.0,,41.0,2223.0,750.0,4.0,,2022-01-01
2022,Oficinas Centrales,170.0,4992.0,,5.0,,,53.0,,2022-01-01
2022,Convive Cd. Mex.,,,,,1744.0,,,24597.0,2022-01-01
2022,Issstehuixtla,,,51801.0,,861.0,,,10916.0,2022-01-01
2023,Aguascalientes,783.0,1632.0,28.0,5.0,195.0,735.0,164.0,,2023-01-01
2023,Baja California. Norte,2.0,761.0,,7.0,309.0,277.0,5.0,,2023-01-01
2023,Baja California. Sur,67.0,47.0,73.0,45.0,237.0,3.0,41.0,,2023-01-01
2023,Campeche,101.0,1260.0,,,1294.0,1254.0,351.0,,2023-01-01
2023,Chiapas,179.0,651.0,,51.0,1711.0,558.0,536.0,,2023-01-01
2023,Chihuahua,180.0,2926.0,,41.0,1347.0,1496.0,192.0,,2023-01-01
2023,Coahuila,483.0,334.0,,,469.0,319.0,193.0,,2023-01-01
2023,Colima,333.0,422.0,,,1133.0,800.0,269.0,,2023-01-01
2023,Durango,460.0,614.0,,9.0,375.0,569.0,7.0,,2023-01-01
2023,Mexico,1934.0,1408.0,6.0,1823.0,2084.0,1004.0,566.0,,2023-01-01
2023,Guanajuato,136.0,540.0,437.0,2.0,596.0,457.0,108.0,,2023-01-01
2023,Guerrero,50.0,151.0,,,20.0,155.0,24.0,,2023-01-01
2023,Hidalgo,481.0,638.0,,33.0,2660.0,283.0,3.0,,2023-01-01
2023,Jalisco,240.0,488.0,,99.0,433.0,267.0,4.0,,2023-01-01
2023,Michoacan,971.0,2206.0,1.0,128.0,957.0,2197.0,6.0,,2023-01-01
2023,Morelos,596.0,1901.0,,41.0,819.0,720.0,180.0,,2023-01-01
2023,Nayarit,482.0,351.0,5.0,10.0,197.0,174.0,326.0,,2023-01-01
2023,Nuevo Leon,160.0,343.0,,533.0,571.0,189.0,6.0,,2023-01-01
2023,Oaxaca,699.0,346.0,,,310.0,462.0,14.0,,2023-01-01
2023,Puebla,221.0,652.0,,,976.0,323.0,1.0,,2023-01-01
2023,Queretaro,317.0,217.0,,46.0,281.0,195.0,74.0,,2023-01-01
2023,Quintana Roo,75.0,308.0,2.0,125.0,371.0,146.0,44.0,,2023-01-01
2023,San Luis Potosi,85.0,715.0,,258.0,199.0,400.0,1.0,,2023-01-01
2023,Sinaloa,495.0,1357.0,,,2650.0,1384.0,473.0,,2023-01-01
2023,Sonora,52.0,37.0,,,119.0,114.0,110.0,,2023-01-01
2023,Tabasco,17.0,484.0,2.0,11.0,1014.0,483.0,160.0,,2023-01-01
2023,Tamaulipas,91.0,12.0,,,3.0,2.0,2.0,,2023-01-01
2023,Tlaxcala,353.0,263.0,,,211.0,217.0,106.0,,2023-01-01
2023,Veracruz,203.0,556.0,,82.0,841.0,1052.0,354.0,,2023-01-01
2023,Yucatan,570.0,985.0,1.0,66.0,2891.0,1697.0,220.0,,2023-01-01
2023,Zacatecas,422.0,767.0,,,1403.0,69.0,,,2023-01-01
2023,Delegacion Sur,357.0,3255.0,891.0,4979.0,362.0,1025.0,63.0,,2023-01-01
2023,Delegacion Norte,3275.0,2662.0,5.0,2142.0,639.0,1532.0,396.0,,2023-01-01
2023,Delegacion Poniente,646.0,1208.0,,2012.0,1445.0,,,,2023-01-01
2023,Delegacion Oriente,9.0,1956.0,220.0,21.0,2464.0,1131.0,14.0,,2023-01-01
2023,Oficinas Centrales,264.0,3407.0,,3.0,,1.0,14.0,,2023-01-01
2023,Convive Cd. Mex.,,,,,3858.0,,,53086.0,2023-01-01
2023,Issstehuixtla,,67042.0,,,1789.0,,,27071.0,2023-01-01
2024,Aguascalientes,846.0,1259.0,,28.0,174.0,911.0,162.0,,2024-01-01
2024,Baja California,66.0,586.0,19.0,0.0,257.0,294.0,1.0,,2024-01-01
2024,Baja California Sur,192.0,419.0,250.0,59.0,163.0,4.0,160.0,,2024-01-01
2024,Campeche,69.0,1315.0,19.0,0.0,1322.0,1246.0,443.0,,2024-01-01
2024,Coahuila,502.0,309.0,,0.0,607.0,318.0,191.0,,2024-01-01
2024,Colima,311.0,420.0,,0.0,1177.0,822.0,210.0,,2024-01-01
2024,Chiapas,170.0,726.0,,0.0,1450.0,370.0,595.0,,2024-01-01
2024,Chihuahua,27.0,521.0,,4.0,118.0,167.0,24.0,,2024-01-01
2024,Durango,406.0,726.0,,8.0,486.0,613.0,3.0,,2024-01-01
2024,Guanajuato,88.0,440.0,4.0,1.0,804.0,448.0,7.0,,2024-01-01
2024,Guerrero,94.0,562.0,104.0,6.0,38.0,95.0,26.0,,2024-01-01
2024,Hidalgo,609.0,756.0,,20.0,2989.0,317.0,12.0,,2024-01-01
2024,Jalisco,297.0,599.0,,76.0,521.0,235.0,25.0,,2024-01-01
2024,Mexico,1480.0,1571.0,694.0,2294.0,1286.0,624.0,380.0,,2024-01-01
2024,Michoacan,771.0,2157.0,2.0,120.0,1081.0,2180.0,15.0,,2024-01-01
2024,Morelos,238.0,2013.0,,37.0,698.0,862.0,809.0,,2024-01-01
2024,Nayarit,393.0,359.0,,0.0,180.0,286.0,201.0,,2024-01-01
2024,Nuevo Leon,202.0,379.0,,529.0,720.0,168.0,2.0,,2024-01-01
2024,Oaxaca,634.0,371.0,,3.0,620.0,601.0,52.0,,2024-01-01
2024,Puebla,260.0,674.0,,0.0,1302.0,137.0,1.0,,2024-01-01
2024,Queretaro,294.0,266.0,10.0,6.0,222.0,296.0,158.0,,2024-01-01
2024,Quintana Roo,59.0,299.0,,115.0,264.0,138.0,22.0,,2024-01-01
2024,San Luis Potosi,177.0,665.0,,276.0,234.0,393.0,,,2024-01-01
2024,Sinaloa,787.0,1545.0,,,2900.0,1456.0,207.0,,2024-01-01
2024,Sonora,9.0,76.0,11.0,,269.0,226.0,182.0,,2024-01-01
2024,Tabasco,5.0,563.0,,,1091.0,290.0,216.0,,2024-01-01
2024,Tamaulipas,88.0,39.0,,,2.0,,1.0,,2024-01-01
2024,Tlaxcala,266.0,253.0,,,95.0,166.0,78.0,,2024-01-01
2024,Veracruz,162.0,742.0,1.0,111.0,1014.0,1122.0,257.0,,2024-01-01
2024,Yucatan,380.0,652.0,29.0,206.0,2768.0,1382.0,352.0,,2024-01-01
2024,Zacatecas,224.0,1071.0,,,1865.0,,,,2024-01-01
2024,Subdeleg.Norte,3138.0,2565.0,,2594.0,742.0,1697.0,367.0,,2024-01-01
2024,Subdeleg. Sur,117.0,3145.0,,4859.0,1042.0,1748.0,,,2024-01-01
2024,Subdeleg. Oriente,86.0,1710.0,285.0,38.0,1732.0,1093.0,34.0,,2024-01-01
2024,Subdeleg. Poniente,85.0,271.0,,2083.0,950.0,,,,2024-01-01
2024,Oficinas Centrales,214.0,1442.0,,8.0,15.0,,37.0,,2024-01-01
2024,Convive D.F.,,,,,2279.0,,,,2024-01-01
2024,Issstehuixtla,,,58343.0,,1000.0,,,,2024-01-01
2025,Aguascalientes,205.0,439.0,3.0,12.0,47.0,253.0,38.0,,2025-01-01
2025,Baja California,13.0,36.0,,,10.0,5.0,,,2025-01-01
2025,Baja California Sur,85.0,99.0,50.0,36.0,75.0,7.0,54.0,,2025-01-01
2025,Campeche,80.0,426.0,,,447.0,527.0,139.0,,2025-01-01
2025,Coahuila,89.0,94.0,,,215.0,,,,2025-01-01
2025,Colima,110.0,109.0,,,207.0,81.0,,,2025-01-01
2025,Chiapas,57.0,305.0,40.0,,618.0,272.0,183.0,,2025-01-01
2025,Chihuahua,57.0,476.0,,,352.0,36.0,35.0,,2025-01-01
2025,Durango,137.0,159.0,,,55.0,89.0,6.0,,2025-01-01
2025,Guanajuato,48.0,85.0,,,18.0,23.0,,,2025-01-01
2025,Guerrero,10.0,514.0,,5.0,,80.0,,,2025-01-01
2025,Hidalgo,96.0,252.0,,13.0,503.0,55.0,,,2025-01-01
2025,Jalisco,59.0,151.0,,31.0,157.0,57.0,7.0,,2025-01-01
2025,Mexico,268.0,382.0,172.0,806.0,217.0,148.0,29.0,,2025-01-01
2025,Michoacan,171.0,837.0,37.0,49.0,347.0,797.0,12.0,,2025-01-01
2025,Morelos,190.0,535.0,,8.0,291.0,260.0,151.0,,2025-01-01
2025,Nayarit,264.0,166.0,,,65.0,50.0,,,2025-01-01
2025,Nuevo Leon,78.0,183.0,10.0,220.0,68.0,109.0,7.0,,2025-01-01
2025,Oaxaca,153.0,168.0,,2.0,241.0,191.0,72.0,,2025-01-01
2025,Puebla,108.0,301.0,,,320.0,262.0,2.0,,2025-01-01
2025,Queretaro,33.0,142.0,39.0,,66.0,156.0,26.0,,2025-01-01
2025,Quintana Roo,39.0,177.0,,37.0,187.0,37.0,29.0,,2025-01-01
2025,San Luis Potosi,93.0,144.0,,124.0,49.0,169.0,,,2025-01-01
2025,Sinaloa,,,,,,,,,2025-01-01
2025,Sonora,14.0,151.0,,,56.0,136.0,25.0,,2025-01-01
2025,Tabasco,28.0,204.0,,3.0,257.0,131.0,65.0,,2025-01-01
2025,Tamaulipas,57.0,3.0,,,8.0,,,,2025-01-01
2025,Tlaxcala,84.0,86.0,1.0,,30.0,44.0,20.0,,2025-01-01
2025,Veracruz,106.0,145.0,4.0,42.0,147.0,180.0,43.0,,2025-01-01
2025,Yucatan,27.0,87.0,24.0,78.0,183.0,107.0,47.0,,2025-01-01
2025,Zacatecas,51.0,207.0,,,445.0,,33.0,,2025-01-01
2025,Subdeleg.Norte,1252.0,1092.0,,693.0,372.0,699.0,166.0,,2025-01-01
2025,Subdeleg. Sur,722.0,691.0,,2393.0,242.0,451.0,249.0,,2025-01-01
2025,Subdeleg. Oriente,127.0,558.0,6.0,20.0,287.0,206.0,106.0,,2025-01-01
2025,Subdeleg. Poniente,59.0,196.0,,1036.0,196.0,,,,2025-01-01
2025,Oficinas Centrales,29.0,58.0,,3.0,,,8.0,,2025-01-01
2025,Convive D.F.,,,,,,,,,2025-01-01
2025,Issstehuixtla,,,41812.0,,1951.0,,,,2025-01-01
